{
  "id": "2049729",
  "name": "品优购",
  "font_family": "iconfont",
  "css_prefix_text": "icon-",
  "description": "",
  "glyphs": [
    {
      "icon_id": "15838429",
      "name": "arrow-down",
      "font_class": "arrow-down",
      "unicode": "e665",
      "unicode_decimal": 58981
    },
    {
      "icon_id": "15838431",
      "name": "arrow-right",
      "font_class": "arrow-right",
      "unicode": "e666",
      "unicode_decimal": 58982
    },
    {
      "icon_id": "15838436",
      "name": "arrow-double-left",
      "font_class": "arrow-double-left",
      "unicode": "e667",
      "unicode_decimal": 58983
    },
    {
      "icon_id": "15838438",
      "name": "arrow-double-right",
      "font_class": "arrow-double-right",
      "unicode": "e668",
      "unicode_decimal": 58984
    },
    {
      "icon_id": "15838455",
      "name": "direction-down",
      "font_class": "direction-down",
      "unicode": "e66b",
      "unicode_decimal": 58987
    },
    {
      "icon_id": "15838460",
      "name": "direction-right",
      "font_class": "direction-right",
      "unicode": "e66c",
      "unicode_decimal": 58988
    },
    {
      "icon_id": "15838463",
      "name": "direction-left",
      "font_class": "direction-left",
      "unicode": "e66d",
      "unicode_decimal": 58989
    },
    {
      "icon_id": "15838561",
      "name": "arrow-left-bold",
      "font_class": "arrow-left-bold",
      "unicode": "e685",
      "unicode_decimal": 59013
    },
    {
      "icon_id": "15838562",
      "name": "arrow-up-bold",
      "font_class": "arrow-up-bold",
      "unicode": "e686",
      "unicode_decimal": 59014
    },
    {
      "icon_id": "15838564",
      "name": "arrow-down-bold",
      "font_class": "arrow-down-bold",
      "unicode": "e687",
      "unicode_decimal": 59015
    },
    {
      "icon_id": "15838566",
      "name": "arrow-right-bold",
      "font_class": "arrow-right-bold",
      "unicode": "e688",
      "unicode_decimal": 59016
    },
    {
      "icon_id": "10280095",
      "name": "我的",
      "font_class": "tubiao-",
      "unicode": "e601",
      "unicode_decimal": 58881
    },
    {
      "icon_id": "10280096",
      "name": "搜索",
      "font_class": "tubiao-1",
      "unicode": "e602",
      "unicode_decimal": 58882
    },
    {
      "icon_id": "10280100",
      "name": "图标4.7-12",
      "font_class": "tubiao-2",
      "unicode": "e603",
      "unicode_decimal": 58883
    },
    {
      "icon_id": "12687176",
      "name": "购物车",
      "font_class": "icon-",
      "unicode": "e661",
      "unicode_decimal": 58977
    }
  ]
}
